item,specification,quantity,grip_mm,note
"lower-foot screw","M4 × 55","6","45.702","Two 1 mm washers, 3.2 mm nut, minimum two threads beyond nut; verify actual stack"
"upper-foot screw","M4 × 20","6","","Two 1 mm washers and plain M4 nut"
"rod-clamp screw","M4 × 16","6","","Plain M4 nut in 7.5 mm AF pocket; no washer allowance"
"pivot screw","M5 × 30","6","","Two 1 mm washers and M5 prevailing-torque nut; lock pivot after alignment"
"M4 nut","M4 / 7 mm AF / 3.2 mm tall","18","","Foot and rod-clamp positions"
"M4 washer","1 mm thick","24","","Both sides of each foot fastener"
"M5 nut","prevailing-torque / verify actual height","6","","Pivot locking"
"M5 washer","1 mm thick","12","","Both sides of each pivot"
"secondary screw","M4 × 12","4","","6 mm carrier, no washer, nominal 6 mm entry into 7 mm blind cavity; verify tip clearance"
"secondary insert","short M4 / maximum 6 mm length / compatible with 5.6 mm pilot","4","","Install 0.5 mm below flat back; not the 8.1 mm dish insert"
